[{
        "MBLNR": 5049000775,
        "MJAHR": 2017,
        "Purchase Order Number": 4500017564,
        "Delivery Note Number": 1000373070,
        "Delivery Note Date": "2017-03-03T00:00:00.000",
        "Vendor - Name 1": "HOLTZ OFFICE SUPPORT GmbH",
        "Vendor - Name 2": null,
        "Vendor - Address - Street": "Berta-Cramer-Ring",
        "Vendor - Address - Number": "14-16",
        "Vendor - Address - ZIP Code": 65205,
        "Vendor - Address - City": "Wiesbaden",
        "Vendor - Address - Country": "Deutschland",
        "Vendor - Address - Region": null
    }, {
        "MBLNR": 5049000781,
        "MJAHR": 2017,
        "Purchase Order Number": 4500017565,
        "Delivery Note Number": "SAM17-0719-01",
        "Delivery Note Date": "2017-05-24T00:00:00.000",
        "Vendor - Name 1": "CDS Service GmbH",
        "Vendor - Name 2": null,
        "Vendor - Address - Street": "Edisonstrasse",
        "Vendor - Address - Number": 19,
        "Vendor - Address - ZIP Code": 32791,
        "Vendor - Address - City": "Lage (Lippe)",
        "Vendor - Address - Country": "Deutschland",
        "Vendor - Address - Region": "Nordrhein-Westfalen"
    }, {
        "MBLNR": 5049000798,
        "MJAHR": 2017,
        "Purchase Order Number": 4500017572,
        "Delivery Note Number": "D7fRSdkqN",
        "Delivery Note Date": "2017-06-29T00:00:00.000",
        "Vendor - Name 1": "Amazon Digital Germany GmbH",
        "Vendor - Name 2": null,
        "Vendor - Address - Street": "Domagkstr.",
        "Vendor - Address - Number": 28,
        "Vendor - Address - ZIP Code": 80807,
        "Vendor - Address - City": "Munich",
        "Vendor - Address - Country": "Deutschland",
        "Vendor - Address - Region": null
    }, {
        "MBLNR": 5049000791,
        "MJAHR": 2017,
        "Purchase Order Number": 4500017570,
        "Delivery Note Number": "028-7686033-3137967",
        "Delivery Note Date": "2017-06-30T00:00:00.000",
        "Vendor - Name 1": "Nie.Ha Joachim Niebur Handel ",
        "Vendor - Name 2": null,
        "Vendor - Address - Street": "Tino-Schwierzina-Stra\u00dfe",
        "Vendor - Address - Number": 86,
        "Vendor - Address - ZIP Code": 13089,
        "Vendor - Address - City": "Berlin",
        "Vendor - Address - Country": "Deutschland",
        "Vendor - Address - Region": null
    }, {
        "MBLNR": 5049000806,
        "MJAHR": 2018,
        "Purchase Order Number": 4500017574,
        "Delivery Note Number": 2094066,
        "Delivery Note Date": "2018-01-16T00:00:00.000",
        "Vendor - Name 1": "PP 2000 Business Integration AG",
        "Vendor - Name 2": null,
        "Vendor - Address - Street": "Schwieberdinger Str.",
        "Vendor - Address - Number": 60,
        "Vendor - Address - ZIP Code": 70435,
        "Vendor - Address - City": "Stuttgart",
        "Vendor - Address - Country": "Deutschland",
        "Vendor - Address - Region": "Baden W\u00fcrttemberg"
    }, {
        "MBLNR": 5049000818,
        "MJAHR": 2018,
        "Purchase Order Number": 4500017579,
        "Delivery Note Number": 2155060,
        "Delivery Note Date": "2018-07-09T00:00:00.000",
        "Vendor - Name 1": "PP 2000 Business Integration AG",
        "Vendor - Name 2": null,
        "Vendor - Address - Street": "Schwieberdinger Str.",
        "Vendor - Address - Number": 60,
        "Vendor - Address - ZIP Code": 70435,
        "Vendor - Address - City": "Stuttgart",
        "Vendor - Address - Country": "Deutschland",
        "Vendor - Address - Region": "Baden W\u00fcrttemberg"
    }, {
        "MBLNR": 5049000823,
        "MJAHR": 2018,
        "Purchase Order Number": 4500017586,
        "Delivery Note Number": "KL-47834",
        "Delivery Note Date": "2018-10-22T00:00:00.000",
        "Vendor - Name 1": "Easydisplay GmbH",
        "Vendor - Name 2": null,
        "Vendor - Address - Street": "Vinnhorster Weg",
        "Vendor - Address - Number": 137,
        "Vendor - Address - ZIP Code": 30419,
        "Vendor - Address - City": "Hannover",
        "Vendor - Address - Country": "Deutschland",
        "Vendor - Address - Region": null
    }, {
        "MBLNR": 5049000832,
        "MJAHR": 2018,
        "Purchase Order Number": 4500017587,
        "Delivery Note Number": 354382935,
        "Delivery Note Date": "2018-12-17T00:00:00.000",
        "Vendor - Name 1": "ALTERNATE GmbH",
        "Vendor - Name 2": null,
        "Vendor - Address - Street": "Philipp-Reis-Stra\u00dfe",
        "Vendor - Address - Number": "2-3",
        "Vendor - Address - ZIP Code": 35440,
        "Vendor - Address - City": "Linden",
        "Vendor - Address - Country": "Deutschland",
        "Vendor - Address - Region": null
    }, {
        "MBLNR": 5049000841,
        "MJAHR": 2018,
        "Purchase Order Number": 4500017592,
        "Delivery Note Number": 354382768,
        "Delivery Note Date": "2018-12-17T00:00:00.000",
        "Vendor - Name 1": "ALTERNATE GmbH",
        "Vendor - Name 2": null,
        "Vendor - Address - Street": "Philipp-Reis-Stra\u00dfe",
        "Vendor - Address - Number": "2-3",
        "Vendor - Address - ZIP Code": 35440,
        "Vendor - Address - City": "Linden",
        "Vendor - Address - Country": "Deutschland",
        "Vendor - Address - Region": null
    }, {
        "MBLNR": 5049000847,
        "MJAHR": 2018,
        "Purchase Order Number": 4500017597,
        "Delivery Note Number": "LS-18-997963",
        "Delivery Note Date": "2018-12-20T00:00:00.000",
        "Vendor - Name 1": "PHS-electronic GmbH",
        "Vendor - Name 2": null,
        "Vendor - Address - Street": "Karl-Gotz-Str.",
        "Vendor - Address - Number": 5,
        "Vendor - Address - ZIP Code": 97424,
        "Vendor - Address - City": "Schweinfurt",
        "Vendor - Address - Country": "Deutschland",
        "Vendor - Address - Region": null
    }, {
        "MBLNR": 5049000858,
        "MJAHR": 2018,
        "Purchase Order Number": 4500017603,
        "Delivery Note Number": "897610-B",
        "Delivery Note Date": "2018-12-21T00:00:00.000",
        "Vendor - Name 1": "HJH Office GmbH",
        "Vendor - Name 2": "c\/o Fiege Logistik Stiftung & Co. KG",
        "Vendor - Address - Street": "Mainzer Str.",
        "Vendor - Address - Number": 178,
        "Vendor - Address - ZIP Code": 67547,
        "Vendor - Address - City": "Worms",
        "Vendor - Address - Country": "Deutschland",
        "Vendor - Address - Region": null
    }, {
        "MBLNR": 5049000864,
        "MJAHR": 2019,
        "Purchase Order Number": 4500017606,
        "Delivery Note Number": 1315749502,
        "Delivery Note Date": "2019-02-05T00:00:00.000",
        "Vendor - Name 1": "Konica Minolta Business Solutions Deutschland GmbH",
        "Vendor - Name 2": null,
        "Vendor - Address - Street": "Europaallee",
        "Vendor - Address - Number": 17,
        "Vendor - Address - ZIP Code": 30855,
        "Vendor - Address - City": "Langenhagen",
        "Vendor - Address - Country": "Deutschland",
        "Vendor - Address - Region": null
    }, {
        "MBLNR": 5049000875,
        "MJAHR": 2019,
        "Purchase Order Number": 4500017612,
        "Delivery Note Number": "hd_53799691",
        "Delivery Note Date": "2019-04-05T00:00:00.000",
        "Vendor - Name 1": "Ecron e.K.",
        "Vendor - Name 2": null,
        "Vendor - Address - Street": "Marburoer Str.",
        "Vendor - Address - Number": 2,
        "Vendor - Address - ZIP Code": 57334,
        "Vendor - Address - City": "Bad Laasohe",
        "Vendor - Address - Country": "Deutschland",
        "Vendor - Address - Region": null
    }, {
        "MBLNR": 5049000884,
        "MJAHR": 2019,
        "Purchase Order Number": 4500017617,
        "Delivery Note Number": "LS19037829",
        "Delivery Note Date": "2019-07-12T00:00:00.000",
        "Vendor - Name 1": "Silkes Weinkeller GmbH",
        "Vendor - Name 2": null,
        "Vendor - Address - Street": "Gold-Zack-Str.",
        "Vendor - Address - Number": 9,
        "Vendor - Address - ZIP Code": 40822,
        "Vendor - Address - City": "Mettmann",
        "Vendor - Address - Country": "Deutschland",
        "Vendor - Address - Region": null
    }, {
        "MBLNR": 5049000889,
        "MJAHR": 2019,
        "Purchase Order Number": 4500017622,
        "Delivery Note Number": 70588,
        "Delivery Note Date": "2019-07-17T00:00:00.000",
        "Vendor - Name 1": "M\u00fc. Gaststattenbetrieb Fam. Roiderer GbR",
        "Vendor - Name 2": null,
        "Vendor - Address - Street": "T\u00f6lzer Str.",
        "Vendor - Address - Number": 2,
        "Vendor - Address - ZIP Code": 82064,
        "Vendor - Address - City": "StrafIlach",
        "Vendor - Address - Country": "Deutschland",
        "Vendor - Address - Region": null
    }, {
        "MBLNR": 5049000905,
        "MJAHR": 2019,
        "Purchase Order Number": 4500017631,
        "Delivery Note Number": "LS-19-1007067",
        "Delivery Note Date": "2019-12-02T00:00:00.000",
        "Vendor - Name 1": "PHS-electronic GmbH",
        "Vendor - Name 2": null,
        "Vendor - Address - Street": "Karl-Gotz-Str.",
        "Vendor - Address - Number": 5,
        "Vendor - Address - ZIP Code": 97424,
        "Vendor - Address - City": "Schweinfurt",
        "Vendor - Address - Country": "Deutschland",
        "Vendor - Address - Region": null
    }, {
        "MBLNR": 5049000911,
        "MJAHR": 2019,
        "Purchase Order Number": 4500017634,
        "Delivery Note Number": 376056622,
        "Delivery Note Date": "2019-12-06T00:00:00.000",
        "Vendor - Name 1": "ALTERNATE GmbH",
        "Vendor - Name 2": null,
        "Vendor - Address - Street": "Philipp-Reis-Stra\u00dfe",
        "Vendor - Address - Number": "2-3",
        "Vendor - Address - ZIP Code": 35440,
        "Vendor - Address - City": "Linden",
        "Vendor - Address - Country": "Deutschland",
        "Vendor - Address - Region": null
    }, {
        "MBLNR": 5049000920,
        "MJAHR": 2019,
        "Purchase Order Number": 4500017640,
        "Delivery Note Number": "201900501866",
        "Delivery Note Date": "2019-12-08T00:00:00.000",
        "Vendor - Name 1": "iFixit GmbH",
        "Vendor - Name 2": null,
        "Vendor - Address - Street": "Traenkestr.",
        "Vendor - Address - Number": 7,
        "Vendor - Address - ZIP Code": 70597,
        "Vendor - Address - City": "Stuttgart",
        "Vendor - Address - Country": "Deutschland",
        "Vendor - Address - Region": null
    }, {
        "MBLNR": 5049000921,
        "MJAHR": 2020,
        "Purchase Order Number": 4500017642,
        "Delivery Note Number": "AU20201593023-001",
        "Delivery Note Date": "2020-02-13T00:00:00.000",
        "Vendor - Name 1": "D&R DENKRIESEN GmbH",
        "Vendor - Name 2": null,
        "Vendor - Address - Street": "Kehrwieder",
        "Vendor - Address - Number": 6,
        "Vendor - Address - ZIP Code": 25474,
        "Vendor - Address - City": "B\u00f6nningstedt",
        "Vendor - Address - Country": "Deutschland",
        "Vendor - Address - Region": null
    }, {
        "MBLNR": 5049000927,
        "MJAHR": 2020,
        "Purchase Order Number": 4500017647,
        "Delivery Note Number": "40433-001",
        "Delivery Note Date": "2020-05-26T00:00:00.000",
        "Vendor - Name 1": "D.A.S.S. GmbH",
        "Vendor - Name 2": null,
        "Vendor - Address - Street": "Gretlade",
        "Vendor - Address - Number": 2,
        "Vendor - Address - ZIP Code": 31319,
        "Vendor - Address - City": "Sehnde",
        "Vendor - Address - Country": "Deutschland",
        "Vendor - Address - Region": null
    }, {
        "MBLNR": 5049000937,
        "MJAHR": 2020,
        "Purchase Order Number": 4500017650,
        "Delivery Note Number": 6060857244,
        "Delivery Note Date": "2020-05-27T00:00:00.000",
        "Vendor - Name 1": "Cyberport GmbH",
        "Vendor - Name 2": null,
        "Vendor - Address - Street": "Am Brauhaus",
        "Vendor - Address - Number": 5,
        "Vendor - Address - ZIP Code": 1099,
        "Vendor - Address - City": "Dresden",
        "Vendor - Address - Country": "Deutschland",
        "Vendor - Address - Region": null
    }, {
        "MBLNR": 5049000948,
        "MJAHR": 2020,
        "Purchase Order Number": 4500017656,
        "Delivery Note Number": 120961772,
        "Delivery Note Date": "2020-10-15T00:00:00.000",
        "Vendor - Name 1": "Jacob Elektronik GmbH",
        "Vendor - Name 2": null,
        "Vendor - Address - Street": "An der Ro\u00dfweid",
        "Vendor - Address - Number": 5,
        "Vendor - Address - ZIP Code": 76229,
        "Vendor - Address - City": "Karlsruhe",
        "Vendor - Address - Country": "Deutschland",
        "Vendor - Address - Region": null
    }, {
        "MBLNR": 5049000959,
        "MJAHR": 2020,
        "Purchase Order Number": 4500017661,
        "Delivery Note Number": 22078787,
        "Delivery Note Date": "2020-10-19T00:00:00.000",
        "Vendor - Name 1": "TAROX Marketplace GmbH",
        "Vendor - Name 2": null,
        "Vendor - Address - Street": "Stellenbachstra\u00dfe",
        "Vendor - Address - Number": "49-51",
        "Vendor - Address - ZIP Code": 44536,
        "Vendor - Address - City": "Lunen",
        "Vendor - Address - Country": "Deutschland",
        "Vendor - Address - Region": null
    }, {
        "MBLNR": 5049000969,
        "MJAHR": 2020,
        "Purchase Order Number": 4500017665,
        "Delivery Note Number": "708 985 9234",
        "Delivery Note Date": "2020-11-19T00:00:00.000",
        "Vendor - Name 1": "Vodafone GmbH bei Arvato distribution GmbH",
        "Vendor - Name 2": "Warenannahme 30",
        "Vendor - Address - Street": "Bielefelder Str.",
        "Vendor - Address - Number": 45,
        "Vendor - Address - ZIP Code": 33428,
        "Vendor - Address - City": "Marienfeld",
        "Vendor - Address - Country": "Deutschland",
        "Vendor - Address - Region": null
    }, {
        "MBLNR": 5049000976,
        "MJAHR": 2020,
        "Purchase Order Number": 4500017666,
        "Delivery Note Number": "709 024 7953",
        "Delivery Note Date": "2020-12-30T00:00:00.000",
        "Vendor - Name 1": "Vodafone GmbH bei Arvato distribution GmbH",
        "Vendor - Name 2": "Warenannahme 30",
        "Vendor - Address - Street": "Bielefelder Str.",
        "Vendor - Address - Number": 45,
        "Vendor - Address - ZIP Code": 33428,
        "Vendor - Address - City": "Marienfeld",
        "Vendor - Address - Country": "Deutschland",
        "Vendor - Address - Region": null
    }, {
        "MBLNR": 5049000979,
        "MJAHR": 2021,
        "Purchase Order Number": 4500017670,
        "Delivery Note Number": "LS30739",
        "Delivery Note Date": "2021-01-08T00:00:00.000",
        "Vendor - Name 1": "page one GmbH",
        "Vendor - Name 2": null,
        "Vendor - Address - Street": "Schwabacher Stra\u00dfe",
        "Vendor - Address - Number": 3,
        "Vendor - Address - ZIP Code": 90439,
        "Vendor - Address - City": "N\u00fcrnberg",
        "Vendor - Address - Country": "Deutschland",
        "Vendor - Address - Region": null
    }, {
        "MBLNR": 5049000984,
        "MJAHR": 2021,
        "Purchase Order Number": 4500017677,
        "Delivery Note Number": "S2021012500160301",
        "Delivery Note Date": "2021-01-25T00:00:00.000",
        "Vendor - Name 1": "DATEV eG",
        "Vendor - Name 2": null,
        "Vendor - Address - Street": null,
        "Vendor - Address - Number": null,
        "Vendor - Address - ZIP Code": 90329,
        "Vendor - Address - City": "Nurnberg",
        "Vendor - Address - Country": "Deutschland",
        "Vendor - Address - Region": null
    }, {
        "MBLNR": 5049000992,
        "MJAHR": 2021,
        "Purchase Order Number": 4500017679,
        "Delivery Note Number": "LS31512",
        "Delivery Note Date": "2021-02-10T00:00:00.000",
        "Vendor - Name 1": "page one GmbH",
        "Vendor - Name 2": null,
        "Vendor - Address - Street": "Schwabacher Stra\u00dfe",
        "Vendor - Address - Number": 3,
        "Vendor - Address - ZIP Code": 90439,
        "Vendor - Address - City": "N\u00fcrnberg",
        "Vendor - Address - Country": "Deutschland",
        "Vendor - Address - Region": null
    }, {
        "MBLNR": 5049001004,
        "MJAHR": 2021,
        "Purchase Order Number": 4500017682,
        "Delivery Note Number": "2021-3005697",
        "Delivery Note Date": "2021-02-11T00:00:00.000",
        "Vendor - Name 1": "Trading EU GmbH",
        "Vendor - Name 2": null,
        "Vendor - Address - Street": "Gruckingerstra\u00dfe",
        "Vendor - Address - Number": 4,
        "Vendor - Address - ZIP Code": 85461,
        "Vendor - Address - City": "Bockhorn",
        "Vendor - Address - Country": "Deutschland",
        "Vendor - Address - Region": null
    }, {
        "MBLNR": 5049001015,
        "MJAHR": 2021,
        "Purchase Order Number": 4500017684,
        "Delivery Note Number": "110081 \/ 10117927",
        "Delivery Note Date": "2021-03-08T00:00:00.000",
        "Vendor - Name 1": "CNW IT-Systeme GmbH",
        "Vendor - Name 2": null,
        "Vendor - Address - Street": "Bobinger Str.",
        "Vendor - Address - Number": "37a",
        "Vendor - Address - ZIP Code": 86199,
        "Vendor - Address - City": "Augsburg",
        "Vendor - Address - Country": "Deutschland",
        "Vendor - Address - Region": null
    }, {
        "MBLNR": 5049001027,
        "MJAHR": 2021,
        "Purchase Order Number": 4500017688,
        "Delivery Note Number": 7118837430,
        "Delivery Note Date": "2021-03-17T00:00:00.000",
        "Vendor - Name 1": "Cyclotron ITK GmbH",
        "Vendor - Name 2": null,
        "Vendor - Address - Street": "Borsigstra\u00dfe",
        "Vendor - Address - Number": 3,
        "Vendor - Address - ZIP Code": 65205,
        "Vendor - Address - City": "Wiesbaden",
        "Vendor - Address - Country": "Deutschland",
        "Vendor - Address - Region": null
    }, {
        "MBLNR": 5049001032,
        "MJAHR": 2021,
        "Purchase Order Number": 4500017693,
        "Delivery Note Number": 711361913,
        "Delivery Note Date": "2021-03-26T00:00:00.000",
        "Vendor - Name 1": "visunext International GmbH & Co. KG",
        "Vendor - Name 2": null,
        "Vendor - Address - Street": "Gutenbergstra\u00dfe",
        "Vendor - Address - Number": 2,
        "Vendor - Address - ZIP Code": 48282,
        "Vendor - Address - City": "Emsdetten",
        "Vendor - Address - Country": "Deutschland",
        "Vendor - Address - Region": null
    }, {
        "MBLNR": 5049001040,
        "MJAHR": 2021,
        "Purchase Order Number": 4500017697,
        "Delivery Note Number": "0046784889",
        "Delivery Note Date": "2021-04-16T00:00:00.000",
        "Vendor - Name 1": "ComputerUniverse GmbH",
        "Vendor - Name 2": null,
        "Vendor - Address - Street": "Gr\u00fcner Weg",
        "Vendor - Address - Number": 14,
        "Vendor - Address - ZIP Code": 61169,
        "Vendor - Address - City": "Friedberg",
        "Vendor - Address - Country": "Deutschland",
        "Vendor - Address - Region": null
    }, {
        "MBLNR": 5049001051,
        "MJAHR": 2021,
        "Purchase Order Number": 4500017699,
        "Delivery Note Number": 2691280,
        "Delivery Note Date": "2021-04-16T00:00:00.000",
        "Vendor - Name 1": "TAROX Marketplace GmbH",
        "Vendor - Name 2": null,
        "Vendor - Address - Street": "Stellenbachstra\u00dfe",
        "Vendor - Address - Number": "49-51",
        "Vendor - Address - ZIP Code": 44536,
        "Vendor - Address - City": "L\u00fcnen",
        "Vendor - Address - Country": "Deutschland",
        "Vendor - Address - Region": null
    }, {
        "MBLNR": 5049001059,
        "MJAHR": 2021,
        "Purchase Order Number": 4500017701,
        "Delivery Note Number": "101-LS21044456",
        "Delivery Note Date": "2021-05-27T00:00:00.000",
        "Vendor - Name 1": "Silkes Weinkeller GmbH",
        "Vendor - Name 2": null,
        "Vendor - Address - Street": "Gold-Zack-Str.",
        "Vendor - Address - Number": 9,
        "Vendor - Address - ZIP Code": 40822,
        "Vendor - Address - City": "Mettmann",
        "Vendor - Address - Country": "Deutschland",
        "Vendor - Address - Region": null
    }, {
        "MBLNR": 5049001068,
        "MJAHR": 2021,
        "Purchase Order Number": 4500017706,
        "Delivery Note Number": 38280,
        "Delivery Note Date": "2021-07-29T00:00:00.000",
        "Vendor - Name 1": "Josef Holzleitner ELEKTROGER\u00c4TE GmbH & Co. KG",
        "Vendor - Name 2": null,
        "Vendor - Address - Street": "Trompeterallee",
        "Vendor - Address - Number": 140,
        "Vendor - Address - ZIP Code": 41189,
        "Vendor - Address - City": "M\u00f6nchengladbach",
        "Vendor - Address - Country": "Deutschland",
        "Vendor - Address - Region": null
    }, {
        "MBLNR": 5049001071,
        "MJAHR": 2021,
        "Purchase Order Number": 4500017707,
        "Delivery Note Number": "SDR213596",
        "Delivery Note Date": "2021-08-09T00:00:00.000",
        "Vendor - Name 1": "Elatec GmbH",
        "Vendor - Name 2": null,
        "Vendor - Address - Street": "Zeppelinstr.",
        "Vendor - Address - Number": 1,
        "Vendor - Address - ZIP Code": 62178,
        "Vendor - Address - City": "Puchheim",
        "Vendor - Address - Country": "Deutschland",
        "Vendor - Address - Region": null
    }, {
        "MBLNR": 5049001075,
        "MJAHR": 2021,
        "Purchase Order Number": 4500017709,
        "Delivery Note Number": 1736492490,
        "Delivery Note Date": "2021-08-23T00:00:00.000",
        "Vendor - Name 1": "Telekom Deutschland GmbH",
        "Vendor - Name 2": null,
        "Vendor - Address - Street": "W.G.Freund Str.",
        "Vendor - Address - Number": 4,
        "Vendor - Address - ZIP Code": 6188,
        "Vendor - Address - City": "Landsberg",
        "Vendor - Address - Country": "Deutschland",
        "Vendor - Address - Region": null
    }, {
        "MBLNR": 5049001086,
        "MJAHR": 2021,
        "Purchase Order Number": 4500017714,
        "Delivery Note Number": "AO208530",
        "Delivery Note Date": "2021-11-17T00:00:00.000",
        "Vendor - Name 1": "MMS E-Commerce GmbH",
        "Vendor - Name 2": null,
        "Vendor - Address - Street": "Wankelstra\u00dfe",
        "Vendor - Address - Number": 5,
        "Vendor - Address - ZIP Code": 85046,
        "Vendor - Address - City": "Ingolstadt",
        "Vendor - Address - Country": "Deutschland",
        "Vendor - Address - Region": null
    }, {
        "MBLNR": 5049001093,
        "MJAHR": 2021,
        "Purchase Order Number": 4500017721,
        "Delivery Note Number": 2889502,
        "Delivery Note Date": "2021-11-24T00:00:00.000",
        "Vendor - Name 1": "Office Partner GmbH",
        "Vendor - Name 2": null,
        "Vendor - Address - Street": "Schlesierring",
        "Vendor - Address - Number": 35,
        "Vendor - Address - ZIP Code": 48712,
        "Vendor - Address - City": "Gescher",
        "Vendor - Address - Country": "Deutschland",
        "Vendor - Address - Region": null
    }, {
        "MBLNR": 5049001105,
        "MJAHR": 2021,
        "Purchase Order Number": 4500017723,
        "Delivery Note Number": 2067438,
        "Delivery Note Date": "2021-12-06T00:00:00.000",
        "Vendor - Name 1": "HALM Straws GmbH",
        "Vendor - Name 2": null,
        "Vendor - Address - Street": "Thaerstra\u00dfe",
        "Vendor - Address - Number": 19,
        "Vendor - Address - ZIP Code": 10249,
        "Vendor - Address - City": "Berlin",
        "Vendor - Address - Country": "Deutschland",
        "Vendor - Address - Region": null
    }, {
        "MBLNR": 5049001109,
        "MJAHR": 2021,
        "Purchase Order Number": 4500017724,
        "Delivery Note Number": 201907378,
        "Delivery Note Date": "2021-12-29T00:00:00.000",
        "Vendor - Name 1": "VINELLO retail GmbH",
        "Vendor - Name 2": null,
        "Vendor - Address - Street": "Barensteiner Stra\u00dfe",
        "Vendor - Address - Number": 30,
        "Vendor - Address - ZIP Code": 1277,
        "Vendor - Address - City": "Dresden",
        "Vendor - Address - Country": "Deutschland",
        "Vendor - Address - Region": null
    }, {
        "MBLNR": 5049001115,
        "MJAHR": 2022,
        "Purchase Order Number": 4500017728,
        "Delivery Note Number": "AUF-DF-1507558",
        "Delivery Note Date": "2022-03-05T00:00:00.000",
        "Vendor - Name 1": "Axel Springer Deutschland GmbH",
        "Vendor - Name 2": null,
        "Vendor - Address - Street": "Axel-Springer-Stra\u00dfe",
        "Vendor - Address - Number": 65,
        "Vendor - Address - ZIP Code": 10888,
        "Vendor - Address - City": "Berlin",
        "Vendor - Address - Country": "Deutschland",
        "Vendor - Address - Region": null
    }, {
        "MBLNR": 5049001126,
        "MJAHR": 2022,
        "Purchase Order Number": 4500017730,
        "Delivery Note Number": "709 434 8132",
        "Delivery Note Date": "2022-03-17T00:00:00.000",
        "Vendor - Name 1": "Vodafone GmbH bei Arvato SCS SE",
        "Vendor - Name 2": "Warenannahme 30",
        "Vendor - Address - Street": "Bielefelder Str.",
        "Vendor - Address - Number": 45,
        "Vendor - Address - ZIP Code": 33428,
        "Vendor - Address - City": "Marienfeld",
        "Vendor - Address - Country": "Deutschland",
        "Vendor - Address - Region": null
    }, {
        "MBLNR": 5049001135,
        "MJAHR": 2022,
        "Purchase Order Number": 4500017735,
        "Delivery Note Number": 240139360,
        "Delivery Note Date": "2022-04-25T00:00:00.000",
        "Vendor - Name 1": "D-Trust GmbH",
        "Vendor - Name 2": null,
        "Vendor - Address - Street": "Kommandantenstr",
        "Vendor - Address - Number": 15,
        "Vendor - Address - ZIP Code": 10969,
        "Vendor - Address - City": "Berlin",
        "Vendor - Address - Country": "Deutschland",
        "Vendor - Address - Region": null
    }, {
        "MBLNR": 5049001139,
        "MJAHR": 2022,
        "Purchase Order Number": 4500017738,
        "Delivery Note Number": "7781925638914",
        "Delivery Note Date": "2022-05-10T00:00:00.000",
        "Vendor - Name 1": "Fashion ID GmbH & Co. KG",
        "Vendor - Name 2": null,
        "Vendor - Address - Street": "Berliner Allee",
        "Vendor - Address - Number": 2,
        "Vendor - Address - ZIP Code": 40212,
        "Vendor - Address - City": "D\u00fcsseldorf",
        "Vendor - Address - Country": "Deutschland",
        "Vendor - Address - Region": null
    }, {
        "MBLNR": 5049001150,
        "MJAHR": 2022,
        "Purchase Order Number": 4500017739,
        "Delivery Note Number": 22041622,
        "Delivery Note Date": "2022-06-07T00:00:00.000",
        "Vendor - Name 1": "Hummelladen Dipl. Ing. Mehmet Guler",
        "Vendor - Name 2": null,
        "Vendor - Address - Street": "Siemensstrasse",
        "Vendor - Address - Number": 7,
        "Vendor - Address - ZIP Code": 45659,
        "Vendor - Address - City": "Recklinghausen",
        "Vendor - Address - Country": "Deutschland",
        "Vendor - Address - Region": null
    }, {
        "MBLNR": 5049001161,
        "MJAHR": 2022,
        "Purchase Order Number": 4500017744,
        "Delivery Note Number": "IP-441073",
        "Delivery Note Date": "2022-06-07T00:00:00.000",
        "Vendor - Name 1": "O'Neill GmbH",
        "Vendor - Name 2": null,
        "Vendor - Address - Street": "Bahnhofstrasse",
        "Vendor - Address - Number": 100,
        "Vendor - Address - ZIP Code": 67454,
        "Vendor - Address - City": "Hassloch",
        "Vendor - Address - Country": "Deutschland",
        "Vendor - Address - Region": null
    }, {
        "MBLNR": 5049001165,
        "MJAHR": 2022,
        "Purchase Order Number": 4500017750,
        "Delivery Note Number": 8317184,
        "Delivery Note Date": "2022-06-23T00:00:00.000",
        "Vendor - Name 1": "Xstra Digital Storage B.V.",
        "Vendor - Name 2": null,
        "Vendor - Address - Street": "Het Goorke",
        "Vendor - Address - Number": 61,
        "Vendor - Address - ZIP Code": 4906,
        "Vendor - Address - City": "Oosterhout",
        "Vendor - Address - Country": "Niederlande",
        "Vendor - Address - Region": null
    }, {
        "MBLNR": 5049001173,
        "MJAHR": 2022,
        "Purchase Order Number": 4500017756,
        "Delivery Note Number": "A2022062305862501",
        "Delivery Note Date": "2022-07-06T00:00:00.000",
        "Vendor - Name 1": "DATEV eG",
        "Vendor - Name 2": null,
        "Vendor - Address - Street": null,
        "Vendor - Address - Number": null,
        "Vendor - Address - ZIP Code": 90329,
        "Vendor - Address - City": "N\u00fcrnberg",
        "Vendor - Address - Country": "Deutschland",
        "Vendor - Address - Region": null
    }, {
        "MBLNR": 5049001181,
        "MJAHR": 2022,
        "Purchase Order Number": 4500017757,
        "Delivery Note Number": "FDE10679992-L1",
        "Delivery Note Date": "2022-07-19T00:00:00.000",
        "Vendor - Name 1": "Internetstores GmbH",
        "Vendor - Name 2": null,
        "Vendor - Address - Street": "Friedrichstra\u00dfe",
        "Vendor - Address - Number": 6,
        "Vendor - Address - ZIP Code": 70174,
        "Vendor - Address - City": "Stuttgart",
        "Vendor - Address - Country": "Deutschland",
        "Vendor - Address - Region": null
    }, {
        "MBLNR": 5049001192,
        "MJAHR": 2022,
        "Purchase Order Number": 4500017760,
        "Delivery Note Number": 8143,
        "Delivery Note Date": "2022-08-17T00:00:00.000",
        "Vendor - Name 1": "M\u00fc. Gaststattenbetrieb Fam. Roiderer GbR",
        "Vendor - Name 2": null,
        "Vendor - Address - Street": "T\u00f6lzer Str.",
        "Vendor - Address - Number": 2,
        "Vendor - Address - ZIP Code": 82064,
        "Vendor - Address - City": "StrafIlach",
        "Vendor - Address - Country": "Deutschland",
        "Vendor - Address - Region": null
    }, {
        "MBLNR": 5049001197,
        "MJAHR": 2022,
        "Purchase Order Number": 4500017765,
        "Delivery Note Number": 717051276,
        "Delivery Note Date": "2022-09-15T00:00:00.000",
        "Vendor - Name 1": "office discount GmbH",
        "Vendor - Name 2": null,
        "Vendor - Address - Street": null,
        "Vendor - Address - Number": null,
        "Vendor - Address - ZIP Code": 85374,
        "Vendor - Address - City": "Neufahrn",
        "Vendor - Address - Country": "Deutschland",
        "Vendor - Address - Region": null
    }, {
        "MBLNR": 5049001207,
        "MJAHR": 2022,
        "Purchase Order Number": 4500017770,
        "Delivery Note Number": "2022-123649",
        "Delivery Note Date": "2022-09-20T00:00:00.000",
        "Vendor - Name 1": "Schnaeppchenladen24 GmbH",
        "Vendor - Name 2": null,
        "Vendor - Address - Street": "Aubinger Str.",
        "Vendor - Address - Number": 5,
        "Vendor - Address - ZIP Code": 85737,
        "Vendor - Address - City": "Ismaning",
        "Vendor - Address - Country": "Deutschland",
        "Vendor - Address - Region": null
    }, {
        "MBLNR": 5049001211,
        "MJAHR": 2022,
        "Purchase Order Number": 4500017777,
        "Delivery Note Number": "Amazon VCS Bestellung",
        "Delivery Note Date": "2022-09-21T00:00:00.000",
        "Vendor - Name 1": "A.F. International UG",
        "Vendor - Name 2": null,
        "Vendor - Address - Street": "August-Bebel-Stra\u00dfe",
        "Vendor - Address - Number": 26,
        "Vendor - Address - ZIP Code": 6773,
        "Vendor - Address - City": "Grafenhainichen",
        "Vendor - Address - Country": "Deutschland",
        "Vendor - Address - Region": null
    }, {
        "MBLNR": 5049001216,
        "MJAHR": 2022,
        "Purchase Order Number": 4500017781,
        "Delivery Note Number": "V41941508",
        "Delivery Note Date": "2022-10-06T00:00:00.000",
        "Vendor - Name 1": "Cyberport GmbH",
        "Vendor - Name 2": null,
        "Vendor - Address - Street": "Am Brauhaus",
        "Vendor - Address - Number": 5,
        "Vendor - Address - ZIP Code": 1099,
        "Vendor - Address - City": "Dresden",
        "Vendor - Address - Country": "Deutschland",
        "Vendor - Address - Region": null
    }, {
        "MBLNR": 5049001225,
        "MJAHR": 2022,
        "Purchase Order Number": 4500017785,
        "Delivery Note Number": "LS2022608236",
        "Delivery Note Date": "2022-10-10T00:00:00.000",
        "Vendor - Name 1": "Heimwerkertools Handels GmbH",
        "Vendor - Name 2": null,
        "Vendor - Address - Street": "Gewerbepark",
        "Vendor - Address - Number": 7,
        "Vendor - Address - ZIP Code": 4851,
        "Vendor - Address - City": "Gampern",
        "Vendor - Address - Country": "Deutschland",
        "Vendor - Address - Region": null
    }, {
        "MBLNR": 5049001236,
        "MJAHR": 2022,
        "Purchase Order Number": 4500017789,
        "Delivery Note Number": "4013165000002",
        "Delivery Note Date": "2022-10-19T00:00:00.000",
        "Vendor - Name 1": "frottana Textil GmbH & Co KG",
        "Vendor - Name 2": null,
        "Vendor - Address - Street": "Waltersdorfer Stra\u00dfe",
        "Vendor - Address - Number": 54,
        "Vendor - Address - ZIP Code": 2779,
        "Vendor - Address - City": "Grollschonau",
        "Vendor - Address - Country": "Deutschland",
        "Vendor - Address - Region": null
    }, {
        "MBLNR": 5049001243,
        "MJAHR": 2022,
        "Purchase Order Number": 4500017793,
        "Delivery Note Number": "709 638 3422",
        "Delivery Note Date": "2022-10-31T00:00:00.000",
        "Vendor - Name 1": "Vodafone GmbH bei Arvato SCS SE",
        "Vendor - Name 2": "Warenannahme 30",
        "Vendor - Address - Street": "Bielefelder Str.",
        "Vendor - Address - Number": 45,
        "Vendor - Address - ZIP Code": 33428,
        "Vendor - Address - City": "Marienfeld",
        "Vendor - Address - Country": "Deutschland",
        "Vendor - Address - Region": null
    }, {
        "MBLNR": 5049001248,
        "MJAHR": 2022,
        "Purchase Order Number": 4500017800,
        "Delivery Note Number": "AR601502",
        "Delivery Note Date": "2022-11-02T00:00:00.000",
        "Vendor - Name 1": "arktis.de GmbH",
        "Vendor - Name 2": null,
        "Vendor - Address - Street": "Gordenhegge",
        "Vendor - Address - Number": 8,
        "Vendor - Address - ZIP Code": 48720,
        "Vendor - Address - City": "Rosendahl",
        "Vendor - Address - Country": "Deutschland",
        "Vendor - Address - Region": null
    }, {
        "MBLNR": 5049001257,
        "MJAHR": 2022,
        "Purchase Order Number": 4500017804,
        "Delivery Note Number": "LS2022676772",
        "Delivery Note Date": "2022-12-01T00:00:00.000",
        "Vendor - Name 1": "Heimwerkertools Handels GmbH",
        "Vendor - Name 2": null,
        "Vendor - Address - Street": "Gewerbepark",
        "Vendor - Address - Number": 7,
        "Vendor - Address - ZIP Code": 4851,
        "Vendor - Address - City": "Gampern",
        "Vendor - Address - Country": "Deutschland",
        "Vendor - Address - Region": null
    }, {
        "MBLNR": 5049001266,
        "MJAHR": 2022,
        "Purchase Order Number": 4500017809,
        "Delivery Note Number": 1745107425,
        "Delivery Note Date": "2022-12-04T00:00:00.000",
        "Vendor - Name 1": "Telekom Deutschland GmbH",
        "Vendor - Name 2": "Postfach 440152",
        "Vendor - Address - Street": null,
        "Vendor - Address - Number": null,
        "Vendor - Address - ZIP Code": 44390,
        "Vendor - Address - City": "Dortmund",
        "Vendor - Address - Country": "Deutschland",
        "Vendor - Address - Region": null
    }, {
        "MBLNR": 5049001275,
        "MJAHR": 2022,
        "Purchase Order Number": 4500017811,
        "Delivery Note Number": 5641005,
        "Delivery Note Date": "2022-12-04T00:00:00.000",
        "Vendor - Name 1": "Domo Ersatzteileshop GmbH",
        "Vendor - Name 2": null,
        "Vendor - Address - Street": "Atl-Heerdt",
        "Vendor - Address - Number": 104,
        "Vendor - Address - ZIP Code": 40549,
        "Vendor - Address - City": "D\u00fcsseldorf",
        "Vendor - Address - Country": "Deutschland",
        "Vendor - Address - Region": null
    }, {
        "MBLNR": 5049001283,
        "MJAHR": 2022,
        "Purchase Order Number": 4500017813,
        "Delivery Note Number": "LS2022684628",
        "Delivery Note Date": "2022-12-07T00:00:00.000",
        "Vendor - Name 1": "Heimwerkertools Handels GmbH",
        "Vendor - Name 2": null,
        "Vendor - Address - Street": "Gewerbepark",
        "Vendor - Address - Number": 7,
        "Vendor - Address - ZIP Code": 4851,
        "Vendor - Address - City": "Gampern",
        "Vendor - Address - Country": "Deutschland",
        "Vendor - Address - Region": null
    }, {
        "MBLNR": 5049001292,
        "MJAHR": 2022,
        "Purchase Order Number": 4500017817,
        "Delivery Note Number": 28216,
        "Delivery Note Date": "2022-12-15T00:00:00.000",
        "Vendor - Name 1": "Weinober UG (haftungsbeschrankt)",
        "Vendor - Name 2": null,
        "Vendor - Address - Street": "Westring",
        "Vendor - Address - Number": 102,
        "Vendor - Address - ZIP Code": 64331,
        "Vendor - Address - City": "Weiterstadt",
        "Vendor - Address - Country": "Deutschland",
        "Vendor - Address - Region": null
    }, {
        "MBLNR": 5049001300,
        "MJAHR": 2022,
        "Purchase Order Number": 4500017820,
        "Delivery Note Number": 5266453,
        "Delivery Note Date": "2022-12-16T00:00:00.000",
        "Vendor - Name 1": "frottana Textil GmbH & Co KG",
        "Vendor - Name 2": null,
        "Vendor - Address - Street": "Waltersdorfer Stra\u00dfe",
        "Vendor - Address - Number": 54,
        "Vendor - Address - ZIP Code": 2779,
        "Vendor - Address - City": "Grollsch\u00f6nau",
        "Vendor - Address - Country": "Deutschland",
        "Vendor - Address - Region": null
    }, {
        "MBLNR": 5049001307,
        "MJAHR": 2022,
        "Purchase Order Number": 4500017827,
        "Delivery Note Number": 726399904,
        "Delivery Note Date": "2022-12-20T00:00:00.000",
        "Vendor - Name 1": "hygi.de GmbH & Co. KG",
        "Vendor - Name 2": "Postfach 155",
        "Vendor - Address - Street": null,
        "Vendor - Address - Number": null,
        "Vendor - Address - ZIP Code": 48283,
        "Vendor - Address - City": "Telgte",
        "Vendor - Address - Country": null,
        "Vendor - Address - Region": null
    }, {
        "MBLNR": 5049001310,
        "MJAHR": 2022,
        "Purchase Order Number": 4500017831,
        "Delivery Note Number": 718343067,
        "Delivery Note Date": "2022-12-21T00:00:00.000",
        "Vendor - Name 1": "office discount GmbH",
        "Vendor - Name 2": null,
        "Vendor - Address - Street": null,
        "Vendor - Address - Number": null,
        "Vendor - Address - ZIP Code": 85374,
        "Vendor - Address - City": "Neufahrn",
        "Vendor - Address - Country": "Deutschland",
        "Vendor - Address - Region": null
    }, {
        "MBLNR": 5049001320,
        "MJAHR": 2022,
        "Purchase Order Number": 4500017832,
        "Delivery Note Number": 1469358,
        "Delivery Note Date": "2022-12-31T00:00:00.000",
        "Vendor - Name 1": "Kll Ersatzteilshop GmbH",
        "Vendor - Name 2": null,
        "Vendor - Address - Street": "Am Gottesacker",
        "Vendor - Address - Number": 16,
        "Vendor - Address - ZIP Code": 1445,
        "Vendor - Address - City": "Radebeul",
        "Vendor - Address - Country": "Deutschland",
        "Vendor - Address - Region": null
    }, {
        "MBLNR": 5049001331,
        "MJAHR": 2023,
        "Purchase Order Number": 4500017833,
        "Delivery Note Number": 718727729,
        "Delivery Note Date": "2023-01-23T00:00:00.000",
        "Vendor - Name 1": "office discount GmbH",
        "Vendor - Name 2": null,
        "Vendor - Address - Street": null,
        "Vendor - Address - Number": null,
        "Vendor - Address - ZIP Code": 85374,
        "Vendor - Address - City": "Neufahrn",
        "Vendor - Address - Country": "Deutschland",
        "Vendor - Address - Region": null
    }, {
        "MBLNR": 5049001343,
        "MJAHR": 2023,
        "Purchase Order Number": 4500017840,
        "Delivery Note Number": 80845926,
        "Delivery Note Date": "2023-03-01T00:00:00.000",
        "Vendor - Name 1": "Indy lmaging-Ireland Ltd\/Kofax",
        "Vendor - Name 2": null,
        "Vendor - Address - Street": "Sir Jam-Rogerson's Quay",
        "Vendor - Address - Number": 70,
        "Vendor - Address - ZIP Code": "D02 R296",
        "Vendor - Address - City": "Dublin",
        "Vendor - Address - Country": "Ireland",
        "Vendor - Address - Region": null
    }, {
        "MBLNR": 5049001354,
        "MJAHR": 2023,
        "Purchase Order Number": 4500017841,
        "Delivery Note Number": "AUF-DF-1667236",
        "Delivery Note Date": "2023-04-15T00:00:00.000",
        "Vendor - Name 1": "Axel Springer Deutschland GmbH",
        "Vendor - Name 2": null,
        "Vendor - Address - Street": "Axel-Springer-Stra\u00dfe",
        "Vendor - Address - Number": 65,
        "Vendor - Address - ZIP Code": 10888,
        "Vendor - Address - City": "Berlin",
        "Vendor - Address - Country": "Deutschland",
        "Vendor - Address - Region": null
    }, {
        "MBLNR": 5049001363,
        "MJAHR": 2023,
        "Purchase Order Number": 4500017843,
        "Delivery Note Number": 606830617,
        "Delivery Note Date": "2023-05-04T00:00:00.000",
        "Vendor - Name 1": "Cyberport GmbH",
        "Vendor - Name 2": null,
        "Vendor - Address - Street": "Am Brauhaus",
        "Vendor - Address - Number": 5,
        "Vendor - Address - ZIP Code": 1099,
        "Vendor - Address - City": "Dresden",
        "Vendor - Address - Country": "Deutschland",
        "Vendor - Address - Region": null
    }, {
        "MBLNR": 5049001372,
        "MJAHR": 2023,
        "Purchase Order Number": 4500017847,
        "Delivery Note Number": 7009628676,
        "Delivery Note Date": "2023-06-19T00:00:00.000",
        "Vendor - Name 1": "BAUHAUS E-Business GmbH & Co. KG",
        "Vendor - Name 2": "E-Business Logistikcentrum 4",
        "Vendor - Address - Street": "Bergener Ring ",
        "Vendor - Address - Number": 610,
        "Vendor - Address - ZIP Code": 1458,
        "Vendor - Address - City": "Ottendorf-Okrilla",
        "Vendor - Address - Country": "Deutschland",
        "Vendor - Address - Region": null
    }, {
        "MBLNR": 5049001381,
        "MJAHR": 2023,
        "Purchase Order Number": 4500017853,
        "Delivery Note Number": 1777005,
        "Delivery Note Date": "2023-06-26T00:00:00.000",
        "Vendor - Name 1": "PROCAVE GmbH",
        "Vendor - Name 2": null,
        "Vendor - Address - Street": "Wartburgstra\u00dfe",
        "Vendor - Address - Number": 5,
        "Vendor - Address - ZIP Code": 99094,
        "Vendor - Address - City": "Erfurt",
        "Vendor - Address - Country": "Deutschland",
        "Vendor - Address - Region": null
    }, {
        "MBLNR": 5049001387,
        "MJAHR": 2023,
        "Purchase Order Number": 4500017855,
        "Delivery Note Number": 2011583867,
        "Delivery Note Date": "2023-07-05T00:00:00.000",
        "Vendor - Name 1": "De'Longhi Appliances S.r.l.",
        "Vendor - Name 2": null,
        "Vendor - Address - Street": "Via L. Seitz",
        "Vendor - Address - Number": 47,
        "Vendor - Address - ZIP Code": 31100,
        "Vendor - Address - City": "Treviso",
        "Vendor - Address - Country": "Italia",
        "Vendor - Address - Region": null
    }, {
        "MBLNR": 5049001396,
        "MJAHR": 2023,
        "Purchase Order Number": 4500017856,
        "Delivery Note Number": 23398408,
        "Delivery Note Date": "2023-07-05T00:00:00.000",
        "Vendor - Name 1": "ComputerUniverse GmbH",
        "Vendor - Name 2": null,
        "Vendor - Address - Street": "Gr\u00fcner Weg",
        "Vendor - Address - Number": 14,
        "Vendor - Address - ZIP Code": 61169,
        "Vendor - Address - City": "Friedberg",
        "Vendor - Address - Country": "Deutschland",
        "Vendor - Address - Region": null
    }, {
        "MBLNR": 5049001407,
        "MJAHR": 2023,
        "Purchase Order Number": 4500017862,
        "Delivery Note Number": 23398544,
        "Delivery Note Date": "2023-07-05T00:00:00.000",
        "Vendor - Name 1": "ComputerUniverse GmbH",
        "Vendor - Name 2": null,
        "Vendor - Address - Street": "Gr\u00fcner Weg",
        "Vendor - Address - Number": 14,
        "Vendor - Address - ZIP Code": 61169,
        "Vendor - Address - City": "Friedberg",
        "Vendor - Address - Country": "Deutschland",
        "Vendor - Address - Region": null
    }, {
        "MBLNR": 5049001417,
        "MJAHR": 2023,
        "Purchase Order Number": 4500017863,
        "Delivery Note Number": 7118,
        "Delivery Note Date": "2023-07-17T00:00:00.000",
        "Vendor - Name 1": "M\u00fc. Gaststattenbetrieb Fam. Roiderer GbR",
        "Vendor - Name 2": null,
        "Vendor - Address - Street": "T\u00f6lzer Str.",
        "Vendor - Address - Number": 2,
        "Vendor - Address - ZIP Code": 82064,
        "Vendor - Address - City": "StrafIlach",
        "Vendor - Address - Country": "Deutschland",
        "Vendor - Address - Region": null
    }, {
        "MBLNR": 5049001420,
        "MJAHR": 2023,
        "Purchase Order Number": 4500017865,
        "Delivery Note Number": 202300379,
        "Delivery Note Date": "2023-09-08T00:00:00.000",
        "Vendor - Name 1": "BALTECH AG",
        "Vendor - Name 2": null,
        "Vendor - Address - Street": "Lilienthalstrasse",
        "Vendor - Address - Number": 27,
        "Vendor - Address - ZIP Code": 85399,
        "Vendor - Address - City": "Hallbergmoos",
        "Vendor - Address - Country": "Deutschland",
        "Vendor - Address - Region": null
    }, {
        "MBLNR": 5049001430,
        "MJAHR": 2023,
        "Purchase Order Number": 4500017867,
        "Delivery Note Number": "0052984347",
        "Delivery Note Date": "2023-10-20T00:00:00.000",
        "Vendor - Name 1": "Cyberport SE",
        "Vendor - Name 2": null,
        "Vendor - Address - Street": "Europaring",
        "Vendor - Address - Number": "20-22",
        "Vendor - Address - ZIP Code": 94315,
        "Vendor - Address - City": "Straubing",
        "Vendor - Address - Country": "Deutschland",
        "Vendor - Address - Region": null
    }, {
        "MBLNR": 5049001439,
        "MJAHR": 2023,
        "Purchase Order Number": 4500017869,
        "Delivery Note Number": "LS23-225948",
        "Delivery Note Date": "2023-12-10T00:00:00.000",
        "Vendor - Name 1": "Foto Erhardt GmbH",
        "Vendor - Name 2": null,
        "Vendor - Address - Street": "Gartenkamp",
        "Vendor - Address - Number": 101,
        "Vendor - Address - ZIP Code": 49492,
        "Vendor - Address - City": "Westerkappeln",
        "Vendor - Address - Country": "Deutschland",
        "Vendor - Address - Region": null
    }, {
        "MBLNR": 5049001448,
        "MJAHR": 2023,
        "Purchase Order Number": 4500017876,
        "Delivery Note Number": "V85550022",
        "Delivery Note Date": "2023-12-14T00:00:00.000",
        "Vendor - Name 1": "Ark Computer-Produkte GmbH",
        "Vendor - Name 2": null,
        "Vendor - Address - Street": "Hindenburgstr.",
        "Vendor - Address - Number": 8,
        "Vendor - Address - ZIP Code": 71106,
        "Vendor - Address - City": "Magstadt",
        "Vendor - Address - Country": "Deutschland",
        "Vendor - Address - Region": null
    }, {
        "MBLNR": 5049001457,
        "MJAHR": 2023,
        "Purchase Order Number": 4500017881,
        "Delivery Note Number": 607815474,
        "Delivery Note Date": "2023-12-20T00:00:00.000",
        "Vendor - Name 1": "Cyberport GmbH",
        "Vendor - Name 2": null,
        "Vendor - Address - Street": "Am Brauhaus",
        "Vendor - Address - Number": 5,
        "Vendor - Address - ZIP Code": 1099,
        "Vendor - Address - City": "Dresden",
        "Vendor - Address - Country": "Deutschland",
        "Vendor - Address - Region": null
    }, {
        "MBLNR": 5049001472,
        "MJAHR": 2024,
        "Purchase Order Number": 4500017889,
        "Delivery Note Number": 55199308,
        "Delivery Note Date": "2024-10-16T00:00:00.000",
        "Vendor - Name 1": "etrnixx Sales GmbH",
        "Vendor - Name 2": null,
        "Vendor - Address - Street": "Brandst\u00fccken",
        "Vendor - Address - Number": "25-27",
        "Vendor - Address - ZIP Code": 22549,
        "Vendor - Address - City": "Hamburg",
        "Vendor - Address - Country": "Deutschland",
        "Vendor - Address - Region": null
    }, {
        "MBLNR": 5049001479,
        "MJAHR": 2024,
        "Purchase Order Number": 4500017894,
        "Delivery Note Number": "VKLS0076748",
        "Delivery Note Date": "2024-10-23T00:00:00.000",
        "Vendor - Name 1": "Labelident GmbH",
        "Vendor - Name 2": null,
        "Vendor - Address - Street": "Parisstra\u00dfe",
        "Vendor - Address - Number": 5,
        "Vendor - Address - ZIP Code": 97424,
        "Vendor - Address - City": "Schweinfurt",
        "Vendor - Address - Country": "Deutschland",
        "Vendor - Address - Region": null
    }, {
        "MBLNR": 5049001486,
        "MJAHR": 2024,
        "Purchase Order Number": 4500017897,
        "Delivery Note Number": "33812292 \/ 0",
        "Delivery Note Date": "2024-10-23T00:00:00.000",
        "Vendor - Name 1": "Labelident GmbH",
        "Vendor - Name 2": null,
        "Vendor - Address - Street": "Parisstra\u00dfe",
        "Vendor - Address - Number": 5,
        "Vendor - Address - ZIP Code": 97424,
        "Vendor - Address - City": "Schweinfurt",
        "Vendor - Address - Country": "Deutschland",
        "Vendor - Address - Region": null
    }, {
        "MBLNR": 5049001487,
        "MJAHR": 2024,
        "Purchase Order Number": 4500017898,
        "Delivery Note Number": 900003026,
        "Delivery Note Date": "2024-10-23T00:00:00.000",
        "Vendor - Name 1": "Labelident GmbH",
        "Vendor - Name 2": null,
        "Vendor - Address - Street": "Parisstra\u00dfe",
        "Vendor - Address - Number": 5,
        "Vendor - Address - ZIP Code": 97424,
        "Vendor - Address - City": "Schweinfurt",
        "Vendor - Address - Country": "Deutschland",
        "Vendor - Address - Region": null
    }, {
        "MBLNR": 5049001493,
        "MJAHR": 2024,
        "Purchase Order Number": 4500017903,
        "Delivery Note Number": "1202002328060",
        "Delivery Note Date": "2024-12-13T00:00:00.000",
        "Vendor - Name 1": "ALTERNATE GmbH",
        "Vendor - Name 2": null,
        "Vendor - Address - Street": "Philipp-Reis-Stra\u00dfe",
        "Vendor - Address - Number": "2-3",
        "Vendor - Address - ZIP Code": 35440,
        "Vendor - Address - City": "Linden",
        "Vendor - Address - Country": "Deutschland",
        "Vendor - Address - Region": null
    }, {
        "MBLNR": 5049001500,
        "MJAHR": 2024,
        "Purchase Order Number": 4500017910,
        "Delivery Note Number": 200201104,
        "Delivery Note Date": "2024-12-19T00:00:00.000",
        "Vendor - Name 1": "tado GmbH",
        "Vendor - Name 2": null,
        "Vendor - Address - Street": "Sapporobogen",
        "Vendor - Address - Number": "6-8",
        "Vendor - Address - ZIP Code": 80637,
        "Vendor - Address - City": "Munich",
        "Vendor - Address - Country": "Deutschland",
        "Vendor - Address - Region": null
    }, {
        "MBLNR": 5049001502,
        "MJAHR": 2024,
        "Purchase Order Number": 4500017911,
        "Delivery Note Number": "AUF-DF-16672733",
        "Delivery Note Date": "2024-12-21T00:00:00.000",
        "Vendor - Name 1": "Axel Springer Deutschland GmbH",
        "Vendor - Name 2": null,
        "Vendor - Address - Street": "Axel-Springer-Stra\u00dfe",
        "Vendor - Address - Number": 65,
        "Vendor - Address - ZIP Code": 10888,
        "Vendor - Address - City": "Berlin",
        "Vendor - Address - Country": "Deutschland",
        "Vendor - Address - Region": null
    }, {
        "MBLNR": 5049001514,
        "MJAHR": 2025,
        "Purchase Order Number": 4500017918,
        "Delivery Note Number": 802885083,
        "Delivery Note Date": "2025-02-14T00:00:00.000",
        "Vendor - Name 1": "office discount GmbH",
        "Vendor - Name 2": null,
        "Vendor - Address - Street": null,
        "Vendor - Address - Number": null,
        "Vendor - Address - ZIP Code": 85374,
        "Vendor - Address - City": "Neufahrn",
        "Vendor - Address - Country": "Deutschland",
        "Vendor - Address - Region": null
    }, {
        "MBLNR": 5049001522,
        "MJAHR": 2025,
        "Purchase Order Number": 4500017927,
        "Delivery Note Number": "0240309374",
        "Delivery Note Date": "2025-05-05T00:00:00.000",
        "Vendor - Name 1": "D-Trust GmbH",
        "Vendor - Name 2": null,
        "Vendor - Address - Street": "Kommandantenstr",
        "Vendor - Address - Number": 15,
        "Vendor - Address - ZIP Code": 10969,
        "Vendor - Address - City": "Berlin",
        "Vendor - Address - Country": "Deutschland",
        "Vendor - Address - Region": null
    }, {
        "MBLNR": 5049001525,
        "MJAHR": 2025,
        "Purchase Order Number": 4500017930,
        "Delivery Note Number": 2025756121,
        "Delivery Note Date": "2025-05-30T00:00:00.000",
        "Vendor - Name 1": "Baum Automobile GmbH & Co. KG",
        "Vendor - Name 2": null,
        "Vendor - Address - Street": "Ringener Stra\u00dfe",
        "Vendor - Address - Number": 44,
        "Vendor - Address - ZIP Code": 153474,
        "Vendor - Address - City": "Bad Neuenahr-Ahrweiler",
        "Vendor - Address - Country": "Deutschland",
        "Vendor - Address - Region": null
    }, {
        "MBLNR": 5049001526,
        "MJAHR": 2025,
        "Purchase Order Number": 4500017931,
        "Delivery Note Number": "LI2508991",
        "Delivery Note Date": "2025-06-01T00:00:00.000",
        "Vendor - Name 1": "traveltr\u00e4ger Verwaltungsgesellschaft mbH",
        "Vendor - Name 2": null,
        "Vendor - Address - Street": "Schachtstr.",
        "Vendor - Address - Number": 15,
        "Vendor - Address - ZIP Code": 59379,
        "Vendor - Address - City": "SeIm",
        "Vendor - Address - Country": "Deutschland",
        "Vendor - Address - Region": null
    }
]
