[
  {
    "id": 0,
    "path": "data/batch_1_2017_2018/20170303_Holtz Office Support.pdf",
    "page": 0,
    "label": 1
  },
  {
    "id": 1,
    "path": "data/batch_1_2017_2018/20170524_CDS Service GmbH.pdf",
    "page": 0,
    "label": 1
  },
  {
    "id": 2,
    "path": "data/batch_1_2017_2018/20170629_Amazon.pdf",
    "page": 0,
    "label": 1
  },
  {
    "id": 2,
    "path": "data/batch_1_2017_2018/20170629_Amazon.pdf",
    "page": 1,
    "label": 0
  },
  {
    "id": 3,
    "path": "data/batch_1_2017_2018/20170630_Nie.Ha.pdf",
    "page": 0,
    "label": 1
  },
  {
    "id": 4,
    "path": "data/batch_1_2017_2018/20180116_PP2000.pdf",
    "page": 0,
    "label": 1
  },
  {
    "id": 4,
    "path": "data/batch_1_2017_2018/20180116_PP2000.pdf",
    "page": 1,
    "label": 0
  },
  {
    "id": 5,
    "path": "data/batch_1_2017_2018/20180709_PP2000.pdf",
    "page": 0,
    "label": 1
  },
  {
    "id": 5,
    "path": "data/batch_1_2017_2018/20180709_PP2000.pdf",
    "page": 1,
    "label": 0
  },
  {
    "id": 6,
    "path": "data/batch_1_2017_2018/20181022_easydisplay GmbH.pdf",
    "page": 0,
    "label": 1
  },
  {
    "id": 7,
    "path": "data/batch_1_2017_2018/20181217_ALTERNATE GmbH_1.pdf",
    "page": 0,
    "label": 1
  },
  {
    "id": 7,
    "path": "data/batch_1_2017_2018/20181217_ALTERNATE GmbH_1.pdf",
    "page": 1,
    "label": 0
  },
  {
    "id": 8,
    "path": "data/batch_1_2017_2018/20181217_ALTERNATE GmbH_2.pdf",
    "page": 0,
    "label": 1
  },
  {
    "id": 8,
    "path": "data/batch_1_2017_2018/20181217_ALTERNATE GmbH_2.pdf",
    "page": 1,
    "label": 0
  },
  {
    "id": 9,
    "path": "data/batch_1_2017_2018/20181220_phs electronics.pdf",
    "page": 0,
    "label": 1
  },
  {
    "id": 10,
    "path": "data/batch_1_2017_2018/20181221_buerostuhl24.pdf",
    "page": 0,
    "label": 1
  },
  {
    "id": 12,
    "path": "data/batch_2_2019_2020/20190405_Ecron.pdf",
    "page": 0,
    "label": 1
  },
  {
    "id": 12,
    "path": "data/batch_2_2019_2020/20190712_Silkes Weinkeller GmbH.pdf",
    "page": 0,
    "label": 1
  },
  {
    "id": 12,
    "path": "data/batch_2_2019_2020/20190712_Silkes Weinkeller GmbH.pdf",
    "page": 1,
    "label": 0
  },
  {
    "id": 14,
    "path": "data/batch_2_2019_2020/20190717_Wiesn.pdf",
    "page": 0,
    "label": 1
  },
  {
    "id": -1,
    "path": "data/batch_2_2019_2020/20190801_-.pdf",
    "page": 0,
    "label": 1
  },
  {
    "id": -1,
    "path": "data/batch_2_2019_2020/20190917_Konica.pdf",
    "page": 0,
    "label": 1
  },
  {
    "id": 15,
    "path": "data/batch_2_2019_2020/20191202_phs electronics.pdf",
    "page": 0,
    "label": 1
  },
  {
    "id": 16,
    "path": "data/batch_2_2019_2020/20191206_ALTERNATE GmbH.pdf",
    "page": 0,
    "label": 1
  },
  {
    "id": 16,
    "path": "data/batch_2_2019_2020/20191206_ALTERNATE GmbH.pdf",
    "page": 1,
    "label": 0
  },
  {
    "id": 17,
    "path": "data/batch_2_2019_2020/20191208_iFixit GmbH.pdf",
    "page": 0,
    "label": 1
  },
  {
    "id": 19,
    "path": "data/batch_2_2019_2020/20200526_DASS GmbH.pdf",
    "page": 0,
    "label": 1
  },
  {
    "id": 20,
    "path": "data/batch_2_2019_2020/20200527_Cyberport GmbH.pdf",
    "page": 0,
    "label": 1
  },
  {
    "id": 21,
    "path": "data/batch_2_2019_2020/20201015_Jacob Elektronik GmbH.pdf",
    "page": 0,
    "label": 1
  },
  {
    "id": 22,
    "path": "data/batch_2_2019_2020/20201019_TAROX Marketplace GmbH.pdf",
    "page": 0,
    "label": 1
  },
  {
    "id": 23,
    "path": "data/batch_2_2019_2020/20201119_Vodafone GmbH.pdf",
    "page": 0,
    "label": 1
  },
  {
    "id": 24,
    "path": "data/batch_2_2019_2020/20201230_Vodafone GmbH.pdf",
    "page": 0,
    "label": 1
  },
  {
    "id": 25,
    "path": "data/batch_3_2021/20210108_page one GmbH.pdf",
    "page": 0,
    "label": 1
  },
  {
    "id": 26,
    "path": "data/batch_3_2021/20210125_DATEV eG.pdf",
    "page": 0,
    "label": 1
  },
  {
    "id": 27,
    "path": "data/batch_3_2021/20210210_page one GmbH.pdf",
    "page": 0,
    "label": 1
  },
  {
    "id": 28,
    "path": "data/batch_3_2021/20210211_Trading EU GmbH.pdf",
    "page": 0,
    "label": 1
  },
  {
    "id": 30,
    "path": "data/batch_3_2021/20210317_Cyclotron ITK GmbH.pdf",
    "page": 0,
    "label": 1
  },
  {
    "id": 31,
    "path": "data/batch_3_2021/20210326_visunext International GmbH.pdf",
    "page": 0,
    "label": 1
  },
  {
    "id": 33,
    "path": "data/batch_3_2021/20210416_TAROX Marketplace GmbH.pdf",
    "page": 0,
    "label": 1
  },
  {
    "id": 34,
    "path": "data/batch_3_2021/20210527_Silkes Weinkeller GmbH.pdf",
    "page": 0,
    "label": 1
  },
  {
    "id": 35,
    "path": "data/batch_3_2021/20210729_Miele.pdf",
    "page": 0,
    "label": 1
  },
  {
    "id": 36,
    "path": "data/batch_3_2021/20210809_ELATEC GmbH.pdf",
    "page": 0,
    "label": 1
  },
  {
    "id": 37,
    "path": "data/batch_3_2021/20210823_Telekom GmbH.pdf",
    "page": 0,
    "label": 1
  },
  {
    "id": 38,
    "path": "data/batch_3_2021/20211117_MMS E-Commerce GmbH.pdf",
    "page": 0,
    "label": 1
  },
  {
    "id": 39,
    "path": "data/batch_3_2021/20211124_Office Partner GmbH.pdf",
    "page": 0,
    "label": 1
  },
  {
    "id": 40,
    "path": "data/batch_3_2021/20211206_HALM Straws GmbH.pdf",
    "page": 0,
    "label": 1
  },
  {
    "id": 41,
    "path": "data/batch_3_2021/20211229_VINELLO retail GmbH.pdf",
    "page": 0,
    "label": 1
  },
  {
    "id": 42,
    "path": "data/batch_4_2022_1/20220305_Bild.pdf",
    "page": 0,
    "label": 1
  },
  {
    "id": 42,
    "path": "data/batch_4_2022_1/20220305_Bild.pdf",
    "page": 1,
    "label": 0
  },
  {
    "id": 43,
    "path": "data/batch_4_2022_1/20220317_Vodafone GmbH.pdf",
    "page": 0,
    "label": 1
  },
  {
    "id": 43,
    "path": "data/batch_4_2022_1/20220317_Vodafone GmbH.pdf",
    "page": 1,
    "label": 0
  },
  {
    "id": 44,
    "path": "data/batch_4_2022_1/20220425_D-Trust GmbH.pdf",
    "page": 0,
    "label": 1
  },
  {
    "id": 45,
    "path": "data/batch_4_2022_1/20220510_Fashion ID GmbH.pdf",
    "page": 0,
    "label": 1
  },
  {
    "id": 46,
    "path": "data/batch_4_2022_1/20220607_Hummelladen.pdf",
    "page": 0,
    "label": 1
  },
  {
    "id": 48,
    "path": "data/batch_4_2022_1/20220623_Xstra Digital Storage.pdf",
    "page": 0,
    "label": 1
  },
  {
    "id": 49,
    "path": "data/batch_4_2022_1/20220706_DATEV eG.pdf",
    "page": 0,
    "label": 1
  },
  {
    "id": 50,
    "path": "data/batch_4_2022_1/20220719_Internetstores GmbH.pdf",
    "page": 0,
    "label": 1
  },
  {
    "id": 51,
    "path": "data/batch_4_2022_1/20220817_Wiesn.pdf",
    "page": 0,
    "label": 1
  },
  {
    "id": 52,
    "path": "data/batch_4_2022_1/20220915_office discount GmbH.pdf",
    "page": 0,
    "label": 1
  },
  {
    "id": 52,
    "path": "data/batch_4_2022_1/20220915_office discount GmbH.pdf",
    "page": 1,
    "label": 0
  },
  {
    "id": 53,
    "path": "data/batch_4_2022_1/20220920_Schnaeppchenladen24 GmbH.pdf",
    "page": 0,
    "label": 1
  },
  {
    "id": 54,
    "path": "data/batch_4_2022_1/20220921_AF International UG.pdf",
    "page": 0,
    "label": 1
  },
  {
    "id": 55,
    "path": "data/batch_5_2022_2/20221006_Cyberport GmbH.pdf",
    "page": 0,
    "label": 1
  },
  {
    "id": 56,
    "path": "data/batch_5_2022_2/20221010_Heimwerkertools Handels GmbH.pdf",
    "page": 0,
    "label": 1
  },
  {
    "id": 57,
    "path": "data/batch_5_2022_2/20221019_frotana Textil GmbH.pdf",
    "page": 0,
    "label": 1
  },
  {
    "id": 58,
    "path": "data/batch_5_2022_2/20221031_Vodafone GmbH.pdf",
    "page": 0,
    "label": 1
  },
  {
    "id": 58,
    "path": "data/batch_5_2022_2/20221031_Vodafone GmbH.pdf",
    "page": 1,
    "label": 0
  },
  {
    "id": 59,
    "path": "data/batch_5_2022_2/20221102_arktis.de GmbH.pdf",
    "page": 0,
    "label": 1
  },
  {
    "id": 62,
    "path": "data/batch_5_2022_2/20221204_Domo Ersatzteileshop GmbH.pdf",
    "page": 0,
    "label": 1
  },
  {
    "id": 61,
    "path": "data/batch_5_2022_2/20221204_Telekom GmbH.pdf",
    "page": 0,
    "label": 1
  },
  {
    "id": 63,
    "path": "data/batch_5_2022_2/20221207_Heimwerkertools Handels GmbH.pdf",
    "page": 0,
    "label": 1
  },
  {
    "id": 64,
    "path": "data/batch_5_2022_2/20221215_Weinober UG.pdf",
    "page": 0,
    "label": 1
  },
  {
    "id": 65,
    "path": "data/batch_5_2022_2/20221216_frotana Textil GmbH.pdf",
    "page": 0,
    "label": 1
  },
  {
    "id": 66,
    "path": "data/batch_5_2022_2/20221220_hygi.de GmbH.pdf",
    "page": 0,
    "label": 1
  },
  {
    "id": 67,
    "path": "data/batch_5_2022_2/20221221_office discount GmbH.pdf",
    "page": 0,
    "label": 1
  },
  {
    "id": 67,
    "path": "data/batch_5_2022_2/20221221_office discount GmbH.pdf",
    "page": 1,
    "label": 0
  },
  {
    "id": 68,
    "path": "data/batch_5_2022_2/20221231_Ersatzteilshop GmbH.pdf",
    "page": 0,
    "label": 1
  },
  {
    "id": 69,
    "path": "data/batch_6_2023_1/20230123_office discount GmbH.pdf",
    "page": 0,
    "label": 1
  },
  {
    "id": 69,
    "path": "data/batch_6_2023_1/20230123_office discount GmbH.pdf",
    "page": 1,
    "label": 0
  },
  {
    "id": 70,
    "path": "data/batch_6_2023_1/20230301_Kofax Ireland.pdf",
    "page": 0,
    "label": 1
  },
  {
    "id": 71,
    "path": "data/batch_6_2023_1/20230415_Bild.pdf",
    "page": 0,
    "label": 1
  },
  {
    "id": 71,
    "path": "data/batch_6_2023_1/20230415_Bild.pdf",
    "page": 1,
    "label": 0
  },
  {
    "id": 72,
    "path": "data/batch_6_2023_1/20230504_Cyberport GmbH.pdf",
    "page": 0,
    "label": 1
  },
  {
    "id": 73,
    "path": "data/batch_6_2023_1/20230619_Bauhaus.pdf",
    "page": 0,
    "label": 1
  },
  {
    "id": 74,
    "path": "data/batch_6_2023_1/20230623_PROCAVE GmbH.pdf",
    "page": 0,
    "label": 1
  },
  {
    "id": 76,
    "path": "data/batch_6_2023_1/20230705_ComputerUniverse GmbH_1.pdf",
    "page": 0,
    "label": 1
  },
  {
    "id": 76,
    "path": "data/batch_6_2023_1/20230705_ComputerUniverse GmbH_1.pdf",
    "page": 1,
    "label": 0
  },
  {
    "id": 77,
    "path": "data/batch_6_2023_1/20230705_ComputerUniverse GmbH_2.pdf",
    "page": 0,
    "label": 1
  },
  {
    "id": 75,
    "path": "data/batch_6_2023_1/20230705_De Longhi Appliances SRL.pdf",
    "page": 0,
    "label": 1
  },
  {
    "id": 78,
    "path": "data/batch_6_2023_1/20230717_Wiesn.pdf",
    "page": 0,
    "label": 1
  },
  {
    "id": 79,
    "path": "data/batch_6_2023_1/20230908_BALTECH AG.pdf",
    "page": 0,
    "label": 1
  },
  {
    "id": 80,
    "path": "data/batch_7_2023_2024/20231020_Cyberport GmbH.pdf",
    "page": 0,
    "label": 1
  },
  {
    "id": 81,
    "path": "data/batch_7_2023_2024/20231210_Foto Erhardt GmbH.pdf",
    "page": 0,
    "label": 1
  },
  {
    "id": 82,
    "path": "data/batch_7_2023_2024/20231214_ARLT Computer.pdf",
    "page": 0,
    "label": 1
  },
  {
    "id": 83,
    "path": "data/batch_7_2023_2024/20231220_Cyberport GmbH.pdf",
    "page": 0,
    "label": 1
  },
  {
    "id": -1,
    "path": "data/batch_7_2023_2024/20231227_-.pdf",
    "page": 0,
    "label": 1
  },
  {
    "id": 84,
    "path": "data/batch_7_2023_2024/20241016_etrnixx Sales GmbH.pdf",
    "page": 0,
    "label": 1
  },
  {
    "id": 85,
    "path": "data/batch_7_2023_2024/20241023_Labelident GmbH.pdf",
    "page": 0,
    "label": 1
  },
  {
    "id": 88,
    "path": "data/batch_7_2023_2024/20241213_ALTERNATE GmbH.pdf",
    "page": 0,
    "label": 1
  },
  {
    "id": 88,
    "path": "data/batch_7_2023_2024/20241213_ALTERNATE GmbH.pdf",
    "page": 1,
    "label": 0
  },
  {
    "id": 89,
    "path": "data/batch_7_2023_2024/20241219_tado\u00b0.pdf",
    "page": 0,
    "label": 1
  }
]